idx,x,y,text,label_id,region_candidate,stage1_status
1,5920.415627804766,3704.5662409192046,"<script src=""https://www.google.com/recaptcha/api.js"" async defer></script>
<form asp-action=""Register"" method=""post"">
<input type=""email"" name=""Email"" required />
<input type=""password"" name=""Password"" required />
<div class=""g-recaptcha"" data-sitekey=""@ViewBag.RecaptchaSiteKey""></div>
<button type=""submit"">Submit</button>
</form>",T-001,R02,closed-by-stage1
2,6001.1563233342795,5080.121728657865,"public sealed class RecaptchaVerifyResponse
{
public bool success { get; set; }
public string[]? error-codes { get; set; } // google uses this name in JSON sometimes
public List<string>? error_codes { get; set; } // in case serializer maps differently
public double score { get; set; } // v3 only
public string? action { get; set; } // v3 only
public string? hostname { get; set; }
}",T-002,R02,closed-by-stage1
3,6110.045347856848,5530.492076422615,"using System.Net.Http;
using System.Text.Json;
using Microsoft.AspNetCore.WebUtilities;
public interface IRecaptchaVerifier
{
Task<bool> VerifyV2Async(string token, string? remoteIp = null);
}
public class GoogleRecaptchaVerifier : IRecaptchaVerifier
{
private readonly HttpClient _http;
private readonly IConfiguration _config;
public GoogleRecaptchaVerifier(HttpClient http, IConfiguration config)
{
_http = http;
_config = config;
}
public async Task<bool> VerifyV2Async(string token, string? remoteIp = null)
{
if (string.IsNullOrWhiteSpace(token)) return false;
var secret = _config[""Recaptcha:SecretKey""];
if (string.IsNullOrWhiteSpace(secret))
throw new InvalidOperationException(""Recaptcha:SecretKey is not configured."");
// POST https://www.google.com/recaptcha/api/siteverify
// with form fields: secret, response, remoteip(optional)
var data = new Dictionary<string, string>
{
[""secret""] = secret,
[""response""] = token
};
if (!string.IsNullOrWhiteSpace(remoteIp))
data[""remoteip""] = remoteIp;
using var content = new FormUrlEncodedContent(data);
using var resp = await _http.PostAsync(""https://www.google.com/recaptcha/api/siteverify"", content);
resp.EnsureSuccessStatusCode();
var json = await resp.Content.ReadAsStringAsync();
var result = JsonSerializer.Deserialize<RecaptchaVerifyResponse>(json);
return result?.success == true;
}
}",T-003,R02,closed-by-stage1
4,6133.7489611381,7174.936520867053,"public class RegisterVm
{
public string Email { get; set; } = """";
public string Password { get; set; } = """";
// name must match form field for model binding:
public string? g_recaptcha_response { get; set; } // for manual binding (see note below)
}",T-004,R02,closed-by-stage1
5,6220.415627804766,7603.084714226399,"using Microsoft.AspNetCore.Mvc;
public class AccountController : Controller
{
private readonly IRecaptchaVerifier _recaptcha;
private readonly IConfiguration _config;
public AccountController(IRecaptchaVerifier recaptcha, IConfiguration config)
{
_recaptcha = recaptcha;
_config = config;
}
[HttpGet]
public IActionResult Register()
{
ViewBag.RecaptchaSiteKey = _config[""Recaptcha:SiteKey""];
return View();
}
[HttpPost]
[ValidateAntiForgeryToken]
public async Task<IActionResult> Register(RegisterVm vm)
{
var token = Request.Form[""g-recaptcha-response""].ToString();
var ip = HttpContext.Connection.RemoteIpAddress?.ToString();
var ok = await _recaptcha.VerifyV2Async(token, ip);
if (!ok)
{
ModelState.AddModelError("""", ""reCAPTCHA failed. Please try again."");
ViewBag.RecaptchaSiteKey = _config[""Recaptcha:SiteKey""];
return View(vm);
}
// reCAPTCHA passed -> proceed with registration
// create user, hash password, etc.
return RedirectToAction(""RegisterSuccess"");
}
}",T-005,R02,closed-by-stage1
6,819.8901346668763,3941.9655582295127,"import React, { useRef, useState } from ""react"";
import ReCAPTCHA from ""react-google-recaptcha"";
const SITE_KEY = import.meta.env.VITE_RECAPTCHA_SITE_KEY; // or REACT_APP_...
export default function RegisterV2() {
const recaptchaRef = useRef(null);
const [email, setEmail] = useState("""");
const [password, setPassword] = useState("""");
const [status, setStatus] = useState("""");
const onSubmit = async (e) => {
e.preventDefault();
setStatus("""");
const token = recaptchaRef.current?.getValue();
if (!token) {
setStatus(""Please complete reCAPTCHA."");
return;
}
const resp = await fetch(""/api/auth/register"", {
method: ""POST"",
headers: { ""Content-Type"": ""application/json"" },
body: JSON.stringify({ email, password, recaptchaToken: token })
});
if (!resp.ok) {
setStatus(await resp.text());
recaptchaRef.current?.reset(); // token is single-use-ish; reset after failure
return;
}
setStatus(""Registered!"");
};
return (
<form onSubmit={onSubmit}>
<input type=""email"" value={email} onChange={e => setEmail(e.target.value)} required />
<input type=""password"" value={password} onChange={e => setPassword(e.target.value)} required />
<ReCAPTCHA sitekey={SITE_KEY} ref={recaptchaRef} />
<button type=""submit"">Register</button>
<div>{status}</div>
</form>
);
}",T-006,R02,closed-by-stage1
7,738.9688465655663,5875.92873521295,"import React, { useEffect, useRef, useState } from ""react"";
const SITE_KEY = import.meta.env.VITE_RECAPTCHA_SITE_KEY;
function loadScript(src) {
return new Promise((resolve, reject) => {
const existing = document.querySelector(`script[src=""${src}""]`);
if (existing) return resolve();
const s = document.createElement(""script"");
s.src = src;
s.async = true;
s.defer = true;
s.onload = resolve;
s.onerror = reject;
document.head.appendChild(s);
});
}
export default function RegisterV2NoLib() {
const captchaDivRef = useRef(null);
const widgetIdRef = useRef(null);
const [email, setEmail] = useState("""");
const [password, setPassword] = useState("""");
const [status, setStatus] = useState("""");
useEffect(() => {
const src = ""https://www.google.com/recaptcha/api.js?render=explicit"";
loadScript(src).then(() => {
// Wait until grecaptcha is ready
window.grecaptcha.ready(() => {
if (widgetIdRef.current !== null) return; // already rendered
widgetIdRef.current = window.grecaptcha.render(captchaDivRef.current, {
sitekey: SITE_KEY,
theme: ""light"",
// callback: () => {}, // optional: called on success
// ""expired-callback"": () => {}, // optional: called on expiration
});
});
});
}, []);
const onSubmit = async (e) => {
e.preventDefault();
setStatus("""");
const widgetId = widgetIdRef.current;
// If you rendered explicitly, prefer getResponse(widgetId)
const token =
widgetId !== null
? window.grecaptcha.getResponse(widgetId)
: window.grecaptcha.getResponse(); // fallback
if (!token) {
setStatus(""Please complete reCAPTCHA."");
return;
}
const resp = await fetch(""/api/auth/register"", {
method: ""POST"",
headers: { ""Content-Type"": ""application/json"" },
body: JSON.stringify({ email, password, recaptchaToken: token }),
});
if (!resp.ok) {
setStatus(await resp.text());
// Let user retry (token may be consumed/expired)
if (widgetId !== null) window.grecaptcha.reset(widgetId);
else window.grecaptcha.reset();
return;
}
setStatus(""Registered!"");
};
return (
<form onSubmit={onSubmit}>
<input type=""email"" value={email} onChange={(e) => setEmail(e.target.value)} required />
<input type=""password"" value={password} onChange={(e) => setPassword(e.target.value)} required />
<div ref={captchaDivRef} />
<button type=""submit"">Register</button>
<div>{status}</div>
</form>
);
}",T-007,R02,closed-by-stage1
8,4171.175476658488,11364.450927459697,controller,T-008,R03,closed-by-stage1
9,3856.8636389517624,5372.311146785887,v3 must check action and score,T-009,R02,closed-by-stage1
10,3857.926486819634,5723.02665429749,combined v2 and v3,T-010,R02,closed-by-stage1
11,3579.290261899535,6053.0265918751575,"using System.Text.Json.Serialization;
public sealed class RecaptchaVerifyResponse
{
[JsonPropertyName(""success"")]
public bool Success { get; set; }
[JsonPropertyName(""challenge_ts"")]
public DateTimeOffset? ChallengeTs { get; set; }
[JsonPropertyName(""hostname"")]
public string? Hostname { get; set; }
// v3 fields
[JsonPropertyName(""score"")]
public double? Score { get; set; }
[JsonPropertyName(""action"")]
public string? Action { get; set; }
[JsonPropertyName(""error-codes"")]
public string[]? ErrorCodes { get; set; }
}
public sealed record RecaptchaV3Result(bool Success, double Score, string? Action, string? Hostname, string[]? ErrorCodes);
public sealed record RecaptchaV2Result(bool Success, string? Hostname, string[]? ErrorCodes);",T-011,R02,closed-by-stage1
12,3591.8840431217022,7374.078683729607,"using System.Net.Http;
using System.Text.Json;
using Microsoft.Extensions.Configuration;
public sealed class GoogleRecaptchaService : IRecaptchaService
{
private readonly HttpClient _http;
private readonly IConfiguration _config;
public GoogleRecaptchaService(HttpClient http, IConfiguration config)
{
_http = http;
_config = config;
}
public async Task<RecaptchaV3Result> VerifyV3Async(string token, string expectedAction, string? remoteIp = null)
{
var resp = await VerifyCoreAsync(token, remoteIp);
// v3: must check action + score
var ok = resp.Success && string.Equals(resp.Action, expectedAction, StringComparison.Ordinal);
var score = resp.Score ?? 0.0;
return new RecaptchaV3Result(ok, score, resp.Action, resp.Hostname, resp.ErrorCodes);
}
public async Task<RecaptchaV2Result> VerifyV2Async(string token, string? remoteIp = null)
{
var resp = await VerifyCoreAsync(token, remoteIp);
return new RecaptchaV2Result(resp.Success, resp.Hostname, resp.ErrorCodes);
}
private async Task<RecaptchaVerifyResponse> VerifyCoreAsync(string token, string? remoteIp)
{
if (string.IsNullOrWhiteSpace(token))
return new RecaptchaVerifyResponse { Success = false, ErrorCodes = [""missing-input-response""] };
var secret = _config[""Recaptcha:SecretKey""];
if (string.IsNullOrWhiteSpace(secret))
throw new InvalidOperationException(""Recaptcha:SecretKey is not configured."");
var data = new Dictionary<string, string>
{
[""secret""] = secret,
[""response""] = token
};
if (!string.IsNullOrWhiteSpace(remoteIp))
data[""remoteip""] = remoteIp;
using var content = new FormUrlEncodedContent(data);
using var httpResp = await _http.PostAsync(""https://www.google.com/recaptcha/api/siteverify"", content);
httpResp.EnsureSuccessStatusCode();
var json = await httpResp.Content.ReadAsStringAsync();
var result = JsonSerializer.Deserialize<RecaptchaVerifyResponse>(json, new JsonSerializerOptions
{
PropertyNameCaseInsensitive = true
});
return result ?? new RecaptchaVerifyResponse { Success = false, ErrorCodes = [""invalid-json""] };
}
}",T-012,R02,closed-by-stage1
13,3610.9316113066916,6950.150221292399,"public interface IRecaptchaService
{
Task<RecaptchaV3Result> VerifyV3Async(string token, string expectedAction, string? remoteIp = null);
Task<RecaptchaV2Result> VerifyV2Async(string token, string? remoteIp = null);
}",T-013,R02,closed-by-stage1
14,8374.503066266952,10813.970783925539,"import React, { useEffect, useState } from ""react"";
const SITE_KEY = import.meta.env.VITE_RECAPTCHA_SITE_KEY;
function loadRecaptchaV3(siteKey) {
return new Promise((resolve, reject) => {
if (window.grecaptcha) return resolve(window.grecaptcha);
const script = document.createElement(""script"");
script.src = `https://www.google.com/recaptcha/api.js?render=${siteKey}`;
script.async = true;
script.defer = true;
script.onload = () => resolve(window.grecaptcha);
script.onerror = reject;
document.head.appendChild(script);
});
}
export default function RegisterV3React() {
const [ready, setReady] = useState(false);
const [email, setEmail] = useState("""");
const [password, setPassword] = useState("""");
const [status, setStatus] = useState("""");
useEffect(() => {
loadRecaptchaV3(SITE_KEY)
.then((g) => g.ready(() => setReady(true)))
.catch(() => setReady(false));
}, []);
const onSubmit = async (e) => {
e.preventDefault();
setStatus("""");
if (!ready) {
setStatus(""reCAPTCHA not ready yet."");
return;
}
const token = await window.grecaptcha.execute(SITE_KEY, { action: ""register"" });
const resp = await fetch(""/api/auth/register-v3"", {
method: ""POST"",
headers: { ""Content-Type"": ""application/json"" },
body: JSON.stringify({ email, password, recaptchaToken: token }),
});
if (!resp.ok) {
setStatus(await resp.text());
return;
}
setStatus(""Registered (React v3)!"");
};
return (
<form onSubmit={onSubmit}>
<input value={email} onChange={(e) => setEmail(e.target.value)} type=""email"" required />
<input value={password} onChange={(e) => setPassword(e.target.value)} type=""password"" required />
<button type=""submit"" disabled={!ready}>Register</button>
<div>{status}</div>
</form>
);
}",T-014,R03,closed-by-stage1
15,3166.24704083893,10355.594849604528,"@model RazorRegisterVm
@{
var siteKey = (string)ViewBag.RecaptchaSiteKey;
}
<form id=""registerForm"" method=""post"" asp-action=""Register"">
@Html.AntiForgeryToken()
<input asp-for=""Email"" type=""email"" required />
<input asp-for=""Password"" type=""password"" required />
<input asp-for=""RecaptchaToken"" type=""hidden"" />
<button type=""submit"">Register</button>
<div asp-validation-summary=""All""></div>
</form>
<script src=""https://www.google.com/recaptcha/api.js?render=@siteKey""></script>
<script>
(function () {
const form = document.getElementById(""registerForm"");
const tokenInput = document.querySelector('input[name=""RecaptchaToken""]');
const siteKey = ""@siteKey"";
form.addEventListener(""submit"", function (e) {
e.preventDefault();
grecaptcha.ready(function () {
grecaptcha.execute(siteKey, { action: ""register"" }).then(function (token) {
tokenInput.value = token;
form.submit();
});
});
});
})();
</script>",T-015,R03,closed-by-stage1
16,7674.421258470391,10519.36223037638,without library,T-016,R03,closed-by-stage1
17,6330.199141364271,10504.806688384208,with library,T-017,R03,closed-by-stage1
18,5415.91634659353,10949.970840257109,"import React from ""react"";
import { GoogleReCaptchaProvider } from ""react-google-recaptcha-v3"";
import RegisterV3 from ""./RegisterV3"";
const SITE_KEY = import.meta.env.VITE_RECAPTCHA_SITE_KEY;
export default function App() {
return (
<GoogleReCaptchaProvider
reCaptchaKey={SITE_KEY}
scriptProps={{ async: true, defer: true }}
>
<RegisterV3 />
</GoogleReCaptchaProvider>
);
}",T-018,R03,closed-by-stage1
19,5241.749476476342,11493.304199021757,"import React, { useState } from ""react"";
import { useGoogleReCaptcha } from ""react-google-recaptcha-v3"";
export default function RegisterV3() {
const { executeRecaptcha } = useGoogleReCaptcha();
const [email, setEmail] = useState("""");
const [password, setPassword] = useState("""");
const [status, setStatus] = useState("""");
const onSubmit = async (e) => {
e.preventDefault();
setStatus("""");
if (!executeRecaptcha) {
setStatus(""reCAPTCHA not ready yet."");
return;
}
// action name must match what server expects
const token = await executeRecaptcha(""register"");
const resp = await fetch(""/api/auth/register-v3"", {
method: ""POST"",
headers: { ""Content-Type"": ""application/json"" },
body: JSON.stringify({ email, password, recaptchaToken: token }),
});
setStatus(resp.ok ? ""Registered!"" : await resp.text());
};
return (
<form onSubmit={onSubmit}>
<input type=""email"" value={email} onChange={(e) => setEmail(e.target.value)} required />
<input type=""password"" value={password} onChange={(e) => setPassword(e.target.value)} required />
<button type=""submit"">Register</button>
<div>{status}</div>
</form>
);
}",T-019,R03,closed-by-stage1
20,5123.256783608773,9416.134356919621,v3,T-020,R03,closed-by-stage1
21,4868.977241092505,14020.239835685523,what is remote ip,T-021,R04,closed-by-stage1
22,8236.16672680511,2058.667714636358,we also may need to verify hostname,T-022,R01,closed-by-stage1
23,1837.4450018264151,10.0,so flow exp,T-023,R01,closed-by-stage1
24,1966.3212740001636,2739.030452652536,expected action in recapcha is just a string to put inside,T-024,R01,closed-by-stage1
25,2078.39730881376,3106.6131941245912,and to verify,T-025,R01,closed-by-stage1
26,1900.7474433784437,235.05489669572125,"so, we need to give site key to client
1 razor - from config/env variables/keystroe => viewbag
2 react - just pass in response",T-026,R01,closed-by-stage1
27,1983.5348578415833,785.0249883794822,"1 razor -> we are loading script
in v3 - with our sitekey in qstring
and in script tag we are manually executing recapcha,
with v3 we also need to set action ""register"",""login""
in v2 we just set class and sitekey to div",T-027,R01,closed-by-stage1
28,2331.8115656753816,1542.04388550546,"so here we prevent default and add event listener on recapchas token ready
to execute and put token from resolved promise into the input and submit
!!! we can do literally the same with v2",T-028,R01,closed-by-stage1
29,1748.718212318092,1773.4204705623342,"using form because v2 automatically sets it
can do like v3",T-029,R01,closed-by-stage1
