image_id,filename,sha256,sha256_12,mime_type,byte_size,pixel_width,pixel_height,mode,use_count,status
image-1a19c67f89403e07ae2ca0d28fff7151b2d71cc4,5b6eb8bbe56f.png,5b6eb8bbe56fe6398ba621fa851b3852512424a563ebec9248aed99360bb9cb2,5b6eb8bbe56f,image/png,25905,1174,143,RGBA,1,extracted
image-2e49d819eaa9df732f44695adb7a94eb2987ddec,95654697fd1d.png,95654697fd1d9bc69f0b225438cd48d36bfdc2fa413055a7afd6ccef86a9a793,95654697fd1d,image/png,38508,1083,345,RGBA,1,extracted
image-976aa61d85370ed9070fdc1ed9c947365759f406,0a7983227c17.png,0a7983227c17898a5a70725bf13726fc705f32105abc72f73164e68ada09b266,0a7983227c17,image/png,38665,767,424,RGBA,1,extracted
image-02d35c84ff407562d5a5029b2038ffdd68b670d1,b8e0e64e97a8.png,b8e0e64e97a82837923874cc9fa544fc8649958aab23a1058da95322515a9833,b8e0e64e97a8,image/png,45099,1141,240,RGBA,1,extracted
image-431658aa690e6ddbf6ec73db2b8d5c7272f6330e,31a8f5f9bb10.png,31a8f5f9bb108f1af9f898e14bf0ca6a954e07dd0a992356197b6532c0e69b6c,31a8f5f9bb10,image/png,52721,1097,564,RGBA,1,extracted
image-9c49ebce87ba9b2f61003c5ffd40079aa157ff8d,29a7c4602940.png,29a7c460294023c55e905a299bb087a895ce8f43f56c66f0dda9be37e4b669fa,29a7c4602940,image/png,31936,1102,377,RGBA,1,extracted
image-fe7caa7ab1df62fd182c003456bd213446620ec8,98481cc4f296.png,98481cc4f29690714d72f54e1b9018ba1aa3b907e5bfcffa2bc902ee1a54ff11,98481cc4f296,image/png,36630,1062,421,RGBA,1,extracted
image-87a6908784d48bad699cba288fad0ea6c9ee0292,192d6b0fd7ac.png,192d6b0fd7acb2e4d2412e4c9b89912cac644c555e41cc69709fe2884a53853d,192d6b0fd7ac,image/png,55809,1091,505,RGBA,1,extracted
image-57333b8ad7e9cfd82948a06d4567a2f502406189,b06892b62463.png,b06892b62463984351fb669583f0d0f25ef4550c2aa122e002fceaf22facc1fc,b06892b62463,image/png,65198,1162,634,RGBA,1,extracted
image-cd7e7bbfc7738c092d90fadacb4e8a8dbbf092d2,c7083e8d92d6.png,c7083e8d92d64c65fef1b9842fe1e3baab4fde4e058aa2b95bd1a6bbbd25fc7e,c7083e8d92d6,image/png,25253,1097,288,RGBA,1,extracted
image-a344eb1a36db472347b85e9242031d0e57e5a349,9ab846d5d784.png,9ab846d5d78489e2a03568eb5b3ae7aa0e5426d3e340fc98ea04956384e59429,9ab846d5d784,image/png,48260,1084,549,RGBA,1,extracted
image-b9733df301f9939a6680f979dde5b73e4b1ff805,2744f76f81ec.png,2744f76f81ecb62e3fa22126f21457097e09a781e5d25725fd1bc3fa5e4af088,2744f76f81ec,image/png,54569,1059,420,RGBA,1,extracted
image-1d0fd4596344e0f481866af32871c3e1a0b8e78f,e3a2078b750b.png,e3a2078b750b951ed7321fd9b39f55abe76c03c6606784037fe2d6a2a7dc9568,e3a2078b750b,image/png,61912,1078,531,RGBA,1,extracted
image-fdf63b3e52a3d787321fe43f0be7450b2734b506,49863ff95234.png,49863ff9523482233c8b1bebd701d3112de54ce3fe1bc930a137ae63b15242ac,49863ff95234,image/png,22924,903,282,RGBA,2,extracted
image-e12cd388c5e4bbcd7754d5fe92cf373406157cc6,c0576886fd32.png,c0576886fd321242d4d96b29cda7da1368f02c485274b54cc2ba88e2b7b1c094,c0576886fd32,image/png,46763,1073,535,RGBA,2,extracted
image-8702e5c592051480191527932384c3e4bb51f771,df0499fb41b0.png,df0499fb41b08b2ad67e98cab5a98fdd6bfbb6a6b48ee69b089252f00cd40a4a,df0499fb41b0,image/png,23986,917,212,RGBA,2,extracted
image-07cebd4797a4d2e3f09a5f52d7c516f620ce9254,64024bb1f8b0.png,64024bb1f8b0037d4c9b6435f68d06680c7e213d58f7205a0a3a5f092d0bb8f2,64024bb1f8b0,image/png,59392,1089,457,RGBA,2,extracted
image-b71cee9e4f1a06b78ec2747c3f41f659510fb06a,9a6c0dc753e7.png,9a6c0dc753e78036de722b3fb553d9a612e1d922128c2f8d5087b2ee6ed48525,9a6c0dc753e7,image/png,22397,938,271,RGBA,1,extracted
image-8e689e7f9b6639c438930c4438a3589d7a04e1b5,28cc6bd43dfb.png,28cc6bd43dfb8227b3551fbfec981d1c270dbfa96baeee3765b2de1ee15ff969,28cc6bd43dfb,image/png,15636,919,235,RGBA,1,extracted
image-0fc1680586f7e44a506e2ecd43a8ef2d5365f6e2,e73fb77da807.png,e73fb77da807a4bef21af049d75ce9688d138dcaa08bad2a6f0d70bf9c8970d5,e73fb77da807,image/png,17713,926,220,RGBA,1,extracted
image-c1cfe0101907b92a815a8207d116aaf417fbeb9f,b5a38a610381.png,b5a38a610381b02653a8f6d7c4134a33252d0b5cfa7e8f3b1b2d088f786a7a85,b5a38a610381,image/png,18176,913,242,RGBA,1,extracted
image-c9eabc6c3663725c58ba34c5fa88e0d316e0c94b,de94b7d01a12.png,de94b7d01a120f3e001c636ac76ecdc03b74c6eb8839e51db8a288072748b124,de94b7d01a12,image/png,19547,938,247,RGBA,1,extracted
image-48e65f49a68e1f5d1d720c6610502dccfbe3f2a0,cd5d13969dff.png,cd5d13969dffc68fae24e18f12bde8b9a9416d28945b832bc1d890dc0a8002e7,cd5d13969dff,image/png,8553,957,100,RGBA,1,extracted
image-fc3ab1b6b24574a4170b1b75904fad5d1095f9ab,a43d41a7646c.png,a43d41a7646cd000ed075ceda0a341bd0adf02dacf2eee9aad5eddfa5c297238,a43d41a7646c,image/png,17568,955,230,RGBA,1,extracted
image-1aa0a7698fca6fba203d3a45854d9c929462d2ff,f49b5fb7d48a.png,f49b5fb7d48acca4af6b3b6050c4cd367d52f181c1ae6c300f9efee8a94deb3a,f49b5fb7d48a,image/png,17905,893,233,RGBA,1,extracted
image-ac49fd55c864c4666370a270ff3d459c7b8a3e33,a4b29efe21ad.png,a4b29efe21ad0c371cfd79ef340faaa2967abab93132a613f89378563d387243,a4b29efe21ad,image/png,23357,913,296,RGBA,1,extracted
image-519db61f803837d7eb73a2bf562a5b108d3dea33,42cd0864c8fa.png,42cd0864c8fa70795065489ad48dd1009aa567468e2e104349a4aa8057520fd9,42cd0864c8fa,image/png,21379,957,221,RGBA,1,extracted
image-a142bcf43d8fe4d2201e58bd86b763ec69f7cae4,ab4100ea5c17.png,ab4100ea5c17096b38621da5c6de5f947fd84015ceccbe7745aa78885779f8f2,ab4100ea5c17,image/png,27486,918,342,RGBA,1,extracted
image-dc7bb793c22ba66b0ea48244effeca9f6436a711,d93ff7996a6c.png,d93ff7996a6c886eb8dc5d4a3a39b14fc0757563aaa7d991d706464f63765c5d,d93ff7996a6c,image/png,17119,888,244,RGBA,1,extracted
image-76b8bd805ce94e257f17543a8b593c2447dfb481,4e89f2cc4e53.png,4e89f2cc4e53d1ee4682aa7ee2989bf92ce1986beac28a732fecf27721147dc0,4e89f2cc4e53,image/png,13973,652,197,RGBA,1,extracted
image-67eb3e001d4389a02400a4eceddc80818ca2fb82,a1bfa8929c18.png,a1bfa8929c184a3096397f801369660a6feebdf457ca1c782415c6a9e50cc58e,a1bfa8929c18,image/png,15583,788,190,RGBA,1,extracted
image-c52b2c337c4c4bb927af034714a886e3cf666cdd,56fa7b62b107.png,56fa7b62b107821457ea30bbe86c95468a3b953d55e32c60c9e888bb44901af1,56fa7b62b107,image/png,20858,891,311,RGBA,1,extracted
image-8b8debda33e1f2ed1a846b3a1eef8f1ade1d34ef,0c47d6eab78e.png,0c47d6eab78e1bb261c7add10a784042bcee2173652f73d9eb91cc211b0a2b26,0c47d6eab78e,image/png,14859,884,238,RGBA,1,extracted
image-3064297836b5bef9c2ae4a2b9d6744a4c9f6be26,3f98f7c9b3e4.png,3f98f7c9b3e45091015f71896da883cb9c9bcc53be030b5bddbb8f5b2fa2e15f,3f98f7c9b3e4,image/png,21089,934,268,RGBA,1,extracted
image-361142646539cc86629ea8c79db5ceb0798cc279,8cdb8d24bc5a.png,8cdb8d24bc5ad58713c29803731328fdb0b04c0e633098dbcb99f99cb0c0889f,8cdb8d24bc5a,image/png,18681,910,253,RGBA,1,extracted
image-144809ff5df5f46fad8cbf34a21e09d82bf4daf2,0311c58940bc.png,0311c58940bc41c869deb6bafd04c23b825fb9060d4a0888587ba15c47e2072e,0311c58940bc,image/png,17203,949,215,RGBA,1,extracted
image-2668500a3df6cfb3ef7be639f377c8217595b3f2,c0354cf56050.png,c0354cf56050064c584936a0a6139f7de375ddb1edac51eec8772f927fdcc017,c0354cf56050,image/png,33916,941,412,RGBA,1,extracted
image-59938d97e149d62bded0340f537bf14545041e63,97d8f23502a2.png,97d8f23502a2a121e913409a38b650b483cc12df7aa416e2c9d1fbb68cf83e30,97d8f23502a2,image/png,36076,971,477,RGBA,1,extracted
image-e8956c8dd895159bbe0ef788d22540c98b85da3f,9c39b3ba15ec.png,9c39b3ba15ecbd3479eb45fe9daaa9b556621bea5ba1144ac02148dc3a770c58,9c39b3ba15ec,image/png,56575,895,499,RGBA,1,extracted
image-d529497ad22320a5ae2249426cf8c6e482a9e1b4,18a7857141b6.png,18a7857141b69ecad9f974f66226b36e2f2ad37e9ffd80125cd4e9b5a52fb5bd,18a7857141b6,image/png,39609,774,495,RGBA,1,extracted
image-248ee49c6a4660db81d65741420ff4feb862a1e5,58a582f24c64.png,58a582f24c644af75b7a21f7f86d26133c5cbe65f76c8b46ba4bd647e2d854a5,58a582f24c64,image/png,47409,769,565,RGBA,1,extracted
image-86abca779b71ff07601e17ccec5b8a7f3d8dadc3,2cebdd7d1dcb.png,2cebdd7d1dcb038763443560b6ba13e2b15d51592182de76c841198e39b5fd60,2cebdd7d1dcb,image/png,27620,812,216,RGBA,1,extracted
image-7945a899314ffa815ee207e8249ca4b484968752,a4f6c147b7a7.png,a4f6c147b7a7ea0c1d5d99b2d5505fc91f82cd351ea980bb857b9ca7729a8c1d,a4f6c147b7a7,image/png,50222,828,610,RGBA,1,extracted
image-4f9a7cecfae2cc66dd146f4ae9f697ed0a414cfb,c5e350c6d016.png,c5e350c6d0164a450a8e1ff9fe67ae9d3a1fe0e7a3e979e6f3241d89e0197413,c5e350c6d016,image/png,59070,854,688,RGBA,1,extracted
image-ec413adea796e1796ffc8577c4915733a74d717e,9c3e4e2fe898.png,9c3e4e2fe8981b1117b50e867b8d9329f39050f6a4f007832e9d213a7fbbc491,9c3e4e2fe898,image/png,13731,819,94,RGBA,1,extracted
image-4d471c6858acbb923d586a503f907a7f07a0a661,9212999b527e.png,9212999b527e7491b2d0cd65e21c7cfd4d759704a27a15e76a5d7a9d10160ff2,9212999b527e,image/png,32441,958,403,RGBA,1,extracted
image-f0a24f786ba00ae038c5c47f1897f70cfe4ead2e,fffa2b204012.png,fffa2b204012dc4fc0ecc6641aeddea8abf9efc696f194117a88dbd40dd50bfa,fffa2b204012,image/png,46622,969,419,RGBA,1,extracted
image-bed924fa5d091ab57a8eb4a7b8ebd25436ec57a3,153a35e5ec4d.png,153a35e5ec4d3249ccec74e61f3c97a1481e279e74b2f0f1042547cd01af77dd,153a35e5ec4d,image/png,37840,931,508,RGBA,1,extracted
image-ba6d271b7c3ae263aa4c9864625a5127db735667,334ec86879db.png,334ec86879db6dc8e8fd2f5dbe4ea41d21dd339998ee289ba3b785e43ab05888,334ec86879db,image/png,37391,885,463,RGBA,1,extracted
image-28994fe296d15618b826a3da23e3d3576b366278,8ac47d898761.png,8ac47d898761a011a1ee11834256073627339a7cb83aea12f8dc895707da3e80,8ac47d898761,image/png,18551,692,302,RGBA,1,extracted
image-24ffd68667ec356ecc3b89d5e3a4979e89ec8ce7,bab379a053e1.png,bab379a053e1595f1c7fe653cf380cc1b64be4344f1db42de4634afdb6016284,bab379a053e1,image/png,35449,977,410,RGBA,1,extracted
image-ed0497f476d9bbb3eab66ca0813a955d9fb7dbe9,b0c7edc2ee41.png,b0c7edc2ee41d77661633c1433358a7628f5a528b3b315e1b4497ab6a213d57b,b0c7edc2ee41,image/png,38801,854,526,RGBA,1,extracted
image-1274a6ff7ad53672b750ee560de4d956d4538fbf,9b50e8652375.png,9b50e8652375f3ad4aa538953dc2a36c13d801b7503890f2776f3406089e80ce,9b50e8652375,image/png,18444,696,247,RGBA,1,extracted
image-f967e22cd3a022fb1056c26e41dedf14880aa7d6,581055e52bd6.png,581055e52bd6dba38ee842e7b0320e453860c2873d171d5ea13a8e9835181ab0,581055e52bd6,image/png,48396,848,606,RGBA,1,extracted
image-1a28f5408540632ce87519f16a579d7bce7e985e,2c496589a661.png,2c496589a661294b5d849408a4f31577ce4e9d5439a2f13ebe2e2066ae3bbdba,2c496589a661,image/png,34982,997,385,RGBA,1,extracted
image-c5c35a2141d4bdcb0b106d93560ba07c6b8107dc,835dc69b879a.png,835dc69b879aeb263c435b455e4a0f525c5724deea2e2bb7b442ab234dd778e5,835dc69b879a,image/png,51199,976,565,RGBA,1,extracted
image-71f31cece0ef5f132ae79ada5215ee387a05c131,b6b8634efab2.png,b6b8634efab28f55142ccb2a3bb99c1ded3d3f6b359650f0d38dc830a08eff70,b6b8634efab2,image/png,36970,816,482,RGBA,1,extracted
image-1435c6de9ea154f0d390c5f8f1589182e60ad407,25f54fa7e681.png,25f54fa7e681840f2047e3c98d1bfcecfe2d46d1e80ec4532d2982e3e2d7d202,25f54fa7e681,image/png,28292,857,390,RGBA,1,extracted
image-92b2b52566821f5962acbb9f2a481bf43e2d4584,9d193af140a6.png,9d193af140a63ddcdf23d4b0d4e4428b5438cf1cb3ec52af91a45be64bdad416,9d193af140a6,image/png,44873,915,547,RGBA,1,extracted
image-6f69a59c53328972cebd8e767dc98edee7aeb2f2,328aecd9f24c.png,328aecd9f24c11fd377678985c1201cabdc7846561e177522596181a8bbcc096,328aecd9f24c,image/png,40503,913,542,RGBA,1,extracted
image-9b05799ed440159d196e405d8841a9351e387c26,5b594c2f90f8.png,5b594c2f90f8d5768d57d3cf7d48176344555cff0543199342389f6705c576a4,5b594c2f90f8,image/png,20080,748,260,RGBA,1,extracted
image-91ed1e48e2a8fce524742c4fca5ce614f60bf73d,bd6f72c636dd.png,bd6f72c636dd75980112cbfe3dd781c2b1a431f7fd1f62cb8ac1ed0372b50bf5,bd6f72c636dd,image/png,24927,997,283,RGBA,1,extracted
image-5b8aa5c13e8f1d92f7a46a703dfb4f4105241a94,31d648e9b2bd.png,31d648e9b2bdf8b7f6ebbdb50e1c4a249b81923645c37268e57fdd056a46d1be,31d648e9b2bd,image/png,29509,940,365,RGBA,1,extracted
image-0a6ab2f6a067e08ac6a4234d0b12564d6a2b4816,ad1441e860e7.png,ad1441e860e7452a284e0d44f437b776e04789411a15e7de4040733c81d08a88,ad1441e860e7,image/png,52283,983,566,RGBA,1,extracted
image-324cbcffd34316a47cc9c03a86ea00238a59a21d,52834f315469.png,52834f31546948cbb65f47f1ff28e9f85fd2c4e4835cf1f66d615d8a2df05ad6,52834f315469,image/png,30837,1009,314,RGBA,1,extracted
image-133d02bb9203f8116c4bfb0efa0cf243e961474e,f6d610cea364.png,f6d610cea36406b13546a8c0bfc201e8b60ac202da8777ff43b4319b01a343c8,f6d610cea364,image/png,25449,970,318,RGBA,1,extracted
image-dc7bae3e154148c9649af608a01a177528258386,98b5abb31158.png,98b5abb3115802de292f18ce0e998fc866dcec189db9049ae41573acb40cfc76,98b5abb31158,image/png,28507,1024,349,RGBA,1,extracted
image-8e33ceb46125ad23fd414f175de0b1a082adb09a,84326cfc6031.png,84326cfc6031e7e3ed0ef2602cc3f3d68dc65371e293da1ccc1f771f30fcc4be,84326cfc6031,image/png,22199,965,387,RGBA,1,extracted
image-4b47cb53f7abd95f53648d13741a3b58d7345aaf,7c9003cb3127.png,7c9003cb3127d2d8609e0dca96063d480e5ba3406ae5fbbb2fbec194e519fe62,7c9003cb3127,image/png,14650,817,178,RGBA,1,extracted
image-45e1e1e7da1fb5148ff9a4158cc74cec797f49ac,da6db2e099de.png,da6db2e099de3da3416c116129d6bea579d9d9103f07bc9c1c24db156c49e77f,da6db2e099de,image/png,44235,980,432,RGBA,1,extracted
image-5b18ff65ae248738cfdfb78bc04f818978002a4b,bbac3acab5ad.png,bbac3acab5ad49481ea0afd5cf36b836dd7ae42c7d1ab0d817fd761c10adf330,bbac3acab5ad,image/png,26205,905,273,RGBA,1,extracted
image-ed1c93fd1fb2c88ce10430647f56911f3c34789a,ddfe17b5a7ca.png,ddfe17b5a7cac7d39c751eee68763ae73486b660d5e96d766e6e92d9d726e474,ddfe17b5a7ca,image/png,38464,966,358,RGBA,1,extracted
image-ca9c570e64d50d6bb309ca631f35ea4e93f0c461,c017d6f29894.png,c017d6f29894d66658dc2fe6131d6d72a7271e31e75100bca30bd5b2a4be0986,c017d6f29894,image/png,48816,983,425,RGBA,1,extracted
image-3c3bb43fb4282a7d4352425af9327ee4b9954cdf,4b7b6a0ca9cf.png,4b7b6a0ca9cfff591ee393cfdbf86088c4802d0a0f98a31d6e17e7f63f03dfdd,4b7b6a0ca9cf,image/png,26524,994,260,RGBA,1,extracted
image-54a2b7a5895e83d038ab451f06879e585fa5432b,edc7af2c0e6d.png,edc7af2c0e6d681e994291e4dd41dcb3bd8926860cdaef92d089082d50f3a998,edc7af2c0e6d,image/png,29195,988,353,RGBA,1,extracted
image-890b2b06da2a70f981103279f07b03a5e177b67f,73326d351090.png,73326d351090fa184bfa446eadc006724b2fce29fed30dbc708f49be0460f27f,73326d351090,image/png,21315,1019,173,RGBA,1,extracted
image-7a7677d639a0b33c7fd6babd3934084d83969ff2,e1b0b68ef85d.png,e1b0b68ef85d1131003734bee9e58804a5c43d3c410751784ab0a7175670df0a,e1b0b68ef85d,image/png,38136,949,449,RGBA,1,extracted
image-43e7881c023ce6da3c73f499083cc34a6e376442,70098cc99be0.png,70098cc99be07c361588d7eb47c61dcdad34fd28f475be0b116c8907f536c435,70098cc99be0,image/png,44840,916,562,RGBA,1,extracted
image-31a8f56d7ac8d8a989d8f03ec63a94ddbf3b957c,8ef27d51bcab.png,8ef27d51bcab4a7c86d9f07f2e602f14b9a3b64213f5096e4491c9e7a7433569,8ef27d51bcab,image/png,48189,989,511,RGBA,1,extracted
image-5e01994f003a2e1c37db8b53756256a22b6039a8,79de5635e7be.png,79de5635e7becb415767bfa920060397d847f99409be1c40645b1777b17f6056,79de5635e7be,image/png,40062,942,454,RGBA,1,extracted
image-2149d76d6f794e87656775b59b85f695d0a72360,4beaf2d91583.png,4beaf2d9158320926e1f2e780e0fc256579f5027e3665489cc32042d290416b1,4beaf2d91583,image/png,41553,850,421,RGBA,1,extracted
image-d06fccb2d720c772ad7ad822b4a143e632c2aa53,0edb06d82254.png,0edb06d822548864c87ccf5ed4fbe6aa2aff3fdc597e9edd6a5591fb5c892ff7,0edb06d82254,image/png,65557,922,620,RGBA,1,extracted
image-6e5041cb472c10dd1b64037e1ace02ff92dabe13,55792467eb95.png,55792467eb9561770fd0a7cf14dba52d9e4966f71686ec9dad162f22385f205a,55792467eb95,image/png,17415,890,212,RGBA,1,extracted
image-4011df6dd80b31f811a4c97df4f761d80c3153b6,b1324107aef9.png,b1324107aef9cb995c6fd101da4148e97e5390b0587dc3cbfe341d499c134cca,b1324107aef9,image/png,44319,993,499,RGBA,1,extracted
image-9cb9f2698e3cb6422988cd6091b94b8cc9a5fd47,25b8f12eee65.png,25b8f12eee65924e3afce8ace9466e93288c7446326360a6655e3b6afe984896,25b8f12eee65,image/png,33463,786,585,RGBA,1,extracted
image-55e083b922514e2c87afea43da733139cbc69c96,21921e719104.png,21921e7191049c2323e1366c5f5f6e6758e6502ee679d722c06ff76bab41fe9e,21921e719104,image/png,27528,805,380,RGBA,1,extracted
image-f230ae20094af82a0ea279a6f756656bb9f2db0d,9674f842aa4e.png,9674f842aa4ef8ba06f752315aff1b1b27f26e7b0e173869b865d625eab6659c,9674f842aa4e,image/png,29748,826,394,RGBA,1,extracted
image-37165dc8db787125ac5dc04ebf5b87172c5ce06d,f086aee5311f.png,f086aee5311f77bd533b764650aad7cb9c86fbf7a6156860f5f5ca51922897eb,f086aee5311f,image/png,60729,966,578,RGBA,1,extracted
image-d5cd60bcd86fedb7d15746bdb3518397cf3c32ad,fd1b52425172.png,fd1b52425172192b2ff98577c2a4b76153edc983f5dddbf22c3b76ab2e01766a,fd1b52425172,image/png,28130,894,353,RGBA,1,extracted
image-bffff95a8234b6c66abbda838d43eedf95ef7452,0bfbaef6baa0.png,0bfbaef6baa05d0e8499706f8a6775b0bd73d59350f210069f1d01d281ac8a87,0bfbaef6baa0,image/png,39108,906,523,RGBA,1,extracted
image-d31f90ae55c6c529aab0e43e5c9418246870e252,0a28ff15b431.png,0a28ff15b43192f6a519354631aee06714bb1f5c7743cd778589622f41ead2a5,0a28ff15b431,image/png,25893,863,347,RGBA,1,extracted
image-ffc27a86c90a807679d7954aeb80dde018b6a414,afb687cb9734.png,afb687cb97341170580fcaa6398d61ec26a68500d6a1214bc6ddb0c828f4464a,afb687cb9734,image/png,23018,665,383,RGBA,1,extracted
image-b3039c656bd132374d67e78a267e2f6722ce32c4,a064434d2887.png,a064434d28877c039113cf450ea543ca795c1eab567d155fbe5f2e96a940217c,a064434d2887,image/png,23925,905,277,RGBA,1,extracted
image-c1f4c22d33feba195e2dafd883f3f409b15b8072,1d7de561a358.png,1d7de561a358071ab32bda5a1b2e63ab5e08a96935609a8840493df75f92ed48,1d7de561a358,image/png,27949,720,400,RGBA,1,extracted
image-97811ede0fd2050470da7674136290df933834cb,87579f7c21ca.png,87579f7c21caf118e14858223f0c6a23139ce39d96da38ea551be0b1fb7b2a62,87579f7c21ca,image/png,26571,948,233,RGBA,1,extracted
image-60ab4dd1d4b62443d3cdf20906fbb4769f53b21b,3fa398745d10.png,3fa398745d107eebf805c32181b724ed90899d78aca67e04363acae811413c4e,3fa398745d10,image/png,35936,935,517,RGBA,1,extracted
image-4e00ae27126f7ee73762c4eeac8911e667865be5,b0e812b62aba.png,b0e812b62aba327323b4420110c5ac72b02420a99716c67fadd27e1533147f5d,b0e812b62aba,image/png,10817,828,182,RGBA,1,extracted
image-9b77343923711de92f4296cde69e0c955b4da887,d75a3b779678.png,d75a3b779678bb2f061b68fe83e0efac5bf7c011d6321bfa27cfc6f6ae90c9b0,d75a3b779678,image/png,22785,760,318,RGBA,1,extracted
image-51ff63dce7bea7837705f2bc87411c4028cf9c55,fa0bfdc61e3a.png,fa0bfdc61e3a8b0ab03c06ff4531a30aafd25318eb553c4cce81d1fbe0edf9bf,fa0bfdc61e3a,image/png,22327,786,296,RGBA,1,extracted
image-12ee34e57977429fc4747e06622b4ae0adc6b01e,ab9582d5f3a0.png,ab9582d5f3a0ac994622e61f43db8d24f0b4e50e9b9705d0ca53220ae34f1121,ab9582d5f3a0,image/png,25315,773,385,RGBA,1,extracted
image-e7b751109eeb5fad69bf45769d5d304169dfe1bd,41b841726d39.png,41b841726d39520579cdb271a9c1e944543ee88792663260aa3695ff2742c9fa,41b841726d39,image/png,33684,880,424,RGBA,1,extracted
image-e8e0c625d84b72b7e0e13a91577bc36067a3be51,16e34773751c.png,16e34773751c8e57a2c16ffdcb7baa0eb1b1598e0d2918e972a08f82f96e03d9,16e34773751c,image/png,49093,891,568,RGBA,1,extracted
image-12e689c8c5bdcd7e44dd3c099893dfc9ade1f17b,9f6d63b2dd23.png,9f6d63b2dd23d2610198476135a8afe3e67f15a7ee42002ca668f9ff6adb7f70,9f6d63b2dd23,image/png,22556,724,338,RGBA,1,extracted
image-34806c042f3d118a1f1fdb708722b77217e97e55,5f875d57abe3.png,5f875d57abe3e34c4c6952c227e696bc194335de5fa38c62607deaba2b2a59ae,5f875d57abe3,image/png,41941,981,470,RGBA,1,extracted
image-d5e653ba9e578007cb53955dd5b15c71ed5a8f40,9f4cf822477c.png,9f4cf822477c459c4d56406c857197693a0cea3c07b97be797e40842f4ed191b,9f4cf822477c,image/png,26503,751,359,RGBA,1,extracted
image-d426902cb635865fb6955f60902ea1fd5de4af0d,caab604cfaae.png,caab604cfaaee27697bbbaf017d6fd39f1eb591a6aa5db064e181d8b256ab8ee,caab604cfaae,image/png,23597,989,355,RGBA,1,extracted
