symbol_id,file,sha256,bytes
image-76d2e8f7e8348b26a1c6c790d38f81e6e0fac070,source/images/image-76d2e8f7e8348b26a1c6c790d38f81e6e0fac070.png,b257a9889524754cd854f52a493d911856f51001efb648a05b267dde4869f1b7,45587
image-a38db5a2f365534280f8871dbf1cbd55aea5ba81,source/images/image-a38db5a2f365534280f8871dbf1cbd55aea5ba81.png,92f711c5f929327365ca3d5c5b463913c5a12b1b099b35f58ffb104346e757da,44369
image-15da727ad289188f466a400225121ea6e502b790,source/images/image-15da727ad289188f466a400225121ea6e502b790.png,c3fabe9df9eed6b1a50d488ebefbd8523db7ecac0561b19b9e2f0bbd433e07c8,32387
image-b3b42c53aba003d199254f128de27ed4dad15261,source/images/image-b3b42c53aba003d199254f128de27ed4dad15261.png,f225d53e17f6d1d4510e04e9c3e27c788c026dc7cbc2a328b533e9bf2eb7389c,40438
image-07f12b3ddb82b548c0f1d59cd2d2df38c6b92629,source/images/image-07f12b3ddb82b548c0f1d59cd2d2df38c6b92629.png,66eeb1c7e6208fca7d37c912936d93435c91295864a1055f6096c83ea76f1446,24019
image-c93c5384fab0c1c67519a7b7de2f26b22b537f27,source/images/image-c93c5384fab0c1c67519a7b7de2f26b22b537f27.png,a62c07651c59c00d7771e0385c1dff090677b63b9eadd176a40636014c076139,26217
image-3e87d1adb3cddb9ec69fa295b794a11e398aee42,source/images/image-3e87d1adb3cddb9ec69fa295b794a11e398aee42.png,d65040cbf241a0324cadecc65885062797b77f03dfe9ff0d4c18584fed52bb8b,34345
image-97e9b388becc6cf34a997c5595047448203a8456,source/images/image-97e9b388becc6cf34a997c5595047448203a8456.png,69c71d4e255a5b3ad33223c0057330cf92d61a55d13cb91cb407adc87da1a82d,33651
image-79e2edfcc06371aa5aa136f7ad43772f3b7d4a3e,source/images/image-79e2edfcc06371aa5aa136f7ad43772f3b7d4a3e.png,c8175a12bc948d1fc6260d18eeeb16260e44bd7ac0bc9f546266d6826835832c,25661
image-15c7e107f828573077978a3b966dd9d76bd7a6fa,source/images/image-15c7e107f828573077978a3b966dd9d76bd7a6fa.png,4f7d36d9633d2e823a34087672a448f44b5577209b6070fd17b6d8f27a5bf2a9,38306
image-8c2aeab5a37efb9d43bee5c534e043dbee78b0a3,source/images/image-8c2aeab5a37efb9d43bee5c534e043dbee78b0a3.png,e636b10a7a7f66bc1b62e7b5a845b89517ed5c01b9b6463fa03dd34669196fa3,28027
image-19f5d8b8058dd28bcd409f2a7b7b6ee7f445193d,source/images/image-19f5d8b8058dd28bcd409f2a7b7b6ee7f445193d.png,ccce02bf122762142cde850ebc6e931e964201d7005409e1892488e7367b3bdb,38436
image-c73286ac58df821525a9a7b7e8dfbb7a57ec0f8d,source/images/image-c73286ac58df821525a9a7b7e8dfbb7a57ec0f8d.png,208e096952c0108e170ba801ca548d5f73a105c223558c77f988875b8ef9e39e,36328
image-c0f4819d6abe564d74db37f157ba62d4abd1e980,source/images/image-c0f4819d6abe564d74db37f157ba62d4abd1e980.png,7808820503de14ec952f424da7ca9bb20bb2a5c3ea9583ebf2b537d5a8d19689,19057
image-aba23d1ab3a4980609173b6fc021e4a1dcc7ea3b,source/images/image-aba23d1ab3a4980609173b6fc021e4a1dcc7ea3b.png,0f4545730a9893135b2ebcff8d3df5e00aa5459dc9df5e6518a6b6498873cb83,46789
image-e6f673a2038afe79516412ebae1ac015000becda,source/images/image-e6f673a2038afe79516412ebae1ac015000becda.png,0b77cc1ed2b026d81041aa90b2e0059acdd6a6c69230b3bccd4892c6d7165a8c,44126
image-964bdc8f37e10f46a8e0efcdc21c11c15af13ff0,source/images/image-964bdc8f37e10f46a8e0efcdc21c11c15af13ff0.png,86f51d81f48cad70a0c871b0b3b2c0471066e554595f4573c7a5322d920d4b06,48279
image-2e498913c380909f12a6d7add0038bfa7402d5c8,source/images/image-2e498913c380909f12a6d7add0038bfa7402d5c8.png,514524cec5efd0460d9752f7de08ee54767020984b3bd5ec739a4d3df57e0a23,46861
image-be5cfaaf6c82c532468a29b2bc8e520764aef0a1,source/images/image-be5cfaaf6c82c532468a29b2bc8e520764aef0a1.png,f619622864ecd521a7d7e18ca3533abb46b272f5e92a796523922a95af4f3f13,41315
image-44ee14288ff41258996c7cd7801d53665cb14c23,source/images/image-44ee14288ff41258996c7cd7801d53665cb14c23.png,0fee3b634d8b0f2da2a607354d54d4dd45c4d3e271a9bae117d7729de90baf87,29196
image-9b4c98aa0d2035560861d3faa57e725587d3f20e,source/images/image-9b4c98aa0d2035560861d3faa57e725587d3f20e.png,6eb8e14a0fed522cbdf4e630ef003d9c660bf8b89253b8433b131c56aa3c0af7,30689
image-e029202ede04cb472c7e8ce763b12922939cc122,source/images/image-e029202ede04cb472c7e8ce763b12922939cc122.png,3eb2acddfaa15df19c4fb9bcf1ed4385056c02edb399c150575c74510580a3f9,8727
image-9e60c5b3988f2f09f8bcc4b83b39d7853e6aa574,source/images/image-9e60c5b3988f2f09f8bcc4b83b39d7853e6aa574.png,b348d813d359e651d5d18b32fda25b4a9b7ff3cc5657045792cc1d7a8ea8c5cd,45672
image-8c29cfd8fdac58a5abd6218df2cea8af22071b34,source/images/image-8c29cfd8fdac58a5abd6218df2cea8af22071b34.png,7626075d84a4130d3640576d0f625b2c88690212435e7ce59190c53934c17210,17218
image-72e56e15dbcc6126dadfa28bbc5c0d5fda17edd2,source/images/image-72e56e15dbcc6126dadfa28bbc5c0d5fda17edd2.png,3feb18938d1518864d66da559b7560f38af4bed808eafde4e463df00f3369f38,44067
