source_id,type,region,status,note,x,y,symbol_id,sha256,text
I001,image_use,R04,open,Stage0 inventory only; close after transcript verification,6273.334085221164,282.43762587949095,image-72e56e15dbcc6126dadfa28bbc5c0d5fda17edd2,3feb18938d1518864d66da559b7560f38af4bed808eafde4e463df00f3369f38,
I002,image_use,R04,open,Stage0 inventory only; close after transcript verification,6199.192160616248,1085.441158872648,image-8c29cfd8fdac58a5abd6218df2cea8af22071b34,7626075d84a4130d3640576d0f625b2c88690212435e7ce59190c53934c17210,
I003,image_use,R04,open,Stage0 inventory only; close after transcript verification,6204.792576885727,1371.7615934429605,image-9e60c5b3988f2f09f8bcc4b83b39d7853e6aa574,b348d813d359e651d5d18b32fda25b4a9b7ff3cc5657045792cc1d7a8ea8c5cd,
I004,image_use,R04,open,Stage0 inventory only; close after transcript verification,6174.141097665527,1839.274382655688,image-e029202ede04cb472c7e8ce763b12922939cc122,3eb2acddfaa15df19c4fb9bcf1ed4385056c02edb399c150575c74510580a3f9,
I005,image_use,R04,open,Stage0 inventory only; close after transcript verification,6181.320428344613,2223.1975065288907,image-9b4c98aa0d2035560861d3faa57e725587d3f20e,6eb8e14a0fed522cbdf4e630ef003d9c660bf8b89253b8433b131c56aa3c0af7,
I006,image_use,R04,open,Stage0 inventory only; close after transcript verification,6163.499375713033,2672.27447655593,image-44ee14288ff41258996c7cd7801d53665cb14c23,0fee3b634d8b0f2da2a607354d54d4dd45c4d3e271a9bae117d7729de90baf87,
I007,image_use,R04,open,Stage0 inventory only; close after transcript verification,6184.290411464065,3382.9154806781416,image-be5cfaaf6c82c532468a29b2bc8e520764aef0a1,f619622864ecd521a7d7e18ca3533abb46b272f5e92a796523922a95af4f3f13,
I008,image_use,R04,open,Stage0 inventory only; close after transcript verification,7020.186783531658,3394.387467106445,image-2e498913c380909f12a6d7add0038bfa7402d5c8,514524cec5efd0460d9752f7de08ee54767020984b3bd5ec739a4d3df57e0a23,
I009,image_use,R03,open,Stage0 inventory only; close after transcript verification,4506.0552164321625,976.548356985998,image-964bdc8f37e10f46a8e0efcdc21c11c15af13ff0,86f51d81f48cad70a0c871b0b3b2c0471066e554595f4573c7a5322d920d4b06,
I010,image_use,R03,open,Stage0 inventory only; close after transcript verification,4528.387095757239,1644.1674060582563,image-e6f673a2038afe79516412ebae1ac015000becda,0b77cc1ed2b026d81041aa90b2e0059acdd6a6c69230b3bccd4892c6d7165a8c,
I011,image_use,R02,open,Stage0 inventory only; close after transcript verification,2857.58572126565,921.5007393915921,image-aba23d1ab3a4980609173b6fc021e4a1dcc7ea3b,0f4545730a9893135b2ebcff8d3df5e00aa5459dc9df5e6518a6b6498873cb83,
I012,image_use,R02,open,Stage0 inventory only; close after transcript verification,2841.9217536567357,1544.3394321929272,image-c0f4819d6abe564d74db37f157ba62d4abd1e980,7808820503de14ec952f424da7ca9bb20bb2a5c3ea9583ebf2b537d5a8d19689,
I013,image_use,R02,open,Stage0 inventory only; close after transcript verification,2847.082273125756,1824.5165663888956,image-c73286ac58df821525a9a7b7e8dfbb7a57ec0f8d,208e096952c0108e170ba801ca548d5f73a105c223558c77f988875b8ef9e39e,
I014,image_use,R02,open,Stage0 inventory only; close after transcript verification,2881.4218045193684,2659.0616713693717,image-19f5d8b8058dd28bcd409f2a7b7b6ee7f445193d,ccce02bf122762142cde850ebc6e931e964201d7005409e1892488e7367b3bdb,
I015,image_use,R02,open,Stage0 inventory only; close after transcript verification,1690.8291667155481,910.8210097482779,image-8c2aeab5a37efb9d43bee5c534e043dbee78b0a3,e636b10a7a7f66bc1b62e7b5a845b89517ed5c01b9b6463fa03dd34669196fa3,
I016,image_use,R02,open,Stage0 inventory only; close after transcript verification,1675.3565410596075,1383.4054552777861,image-15c7e107f828573077978a3b966dd9d76bd7a6fa,4f7d36d9633d2e823a34087672a448f44b5577209b6070fd17b6d8f27a5bf2a9,
I017,image_use,R02,open,Stage0 inventory only; close after transcript verification,1639.0884711860326,1993.9691352908094,image-79e2edfcc06371aa5aa136f7ad43772f3b7d4a3e,c8175a12bc948d1fc6260d18eeeb16260e44bd7ac0bc9f546266d6826835832c,
I018,image_use,R02,open,Stage0 inventory only; close after transcript verification,3707.6069444933255,917.0987197092081,image-97e9b388becc6cf34a997c5595047448203a8456,69c71d4e255a5b3ad33223c0057330cf92d61a55d13cb91cb407adc87da1a82d,
I019,image_use,R03,open,Stage0 inventory only; close after transcript verification,4524.826616634663,2310.7289608223264,image-3e87d1adb3cddb9ec69fa295b794a11e398aee42,d65040cbf241a0324cadecc65885062797b77f03dfe9ff0d4c18584fed52bb8b,
I020,image_use,R03,open,Stage0 inventory only; close after transcript verification,4521.016204895327,2717.7702121482916,image-c93c5384fab0c1c67519a7b7de2f26b22b537f27,a62c07651c59c00d7771e0385c1dff090677b63b9eadd176a40636014c076139,
I021,image_use,R03,open,Stage0 inventory only; close after transcript verification,4532.003855969963,3146.0832994532293,image-07f12b3ddb82b548c0f1d59cd2d2df38c6b92629,66eeb1c7e6208fca7d37c912936d93435c91295864a1055f6096c83ea76f1446,
I022,image_use,R03,open,Stage0 inventory only; close after transcript verification,4544.103206581748,3659.311383816462,image-b3b42c53aba003d199254f128de27ed4dad15261,f225d53e17f6d1d4510e04e9c3e27c788c026dc7cbc2a328b533e9bf2eb7389c,
I023,image_use,R03,open,Stage0 inventory only; close after transcript verification,4547.722224682605,4179.795395235761,image-15da727ad289188f466a400225121ea6e502b790,c3fabe9df9eed6b1a50d488ebefbd8523db7ecac0561b19b9e2f0bbd433e07c8,
I024,image_use,R01,open,Stage0 inventory only; close after transcript verification,212.503733866959,1370.4485958310152,image-a38db5a2f365534280f8871dbf1cbd55aea5ba81,92f711c5f929327365ca3d5c5b463913c5a12b1b099b35f58ffb104346e757da,
I025,image_use,R01,open,Stage0 inventory only; close after transcript verification,183.31445861054272,2063.749377694774,image-76d2e8f7e8348b26a1c6c790d38f81e6e0fac070,b257a9889524754cd854f52a493d911856f51001efb648a05b267dde4869f1b7,
T001,text_label,R03,open,Stage0 inventory only; close after transcript verification,5717.76447812113,2428.6683074791567,,,!!!!
T002,text_label,R04,open,Stage0 inventory only; close after transcript verification,5931.269095430701,2361.4969868614808,,,so when we
T003,text_label,R04,open,Stage0 inventory only; close after transcript verification,5931.269095430701,2386.4969868614808,,,iterate over
T004,text_label,R04,open,Stage0 inventory only; close after transcript verification,5931.269095430701,2411.4969868614808,,,iqueryable
T005,text_label,R04,open,Stage0 inventory only; close after transcript verification,5931.269095430701,2436.4969868614808,,,we call db on each item
T006,text_label,R04,open,Stage0 inventory only; close after transcript verification,5957.550187852649,104.88697889539938,,,detecting slow queries
T007,text_label,R04,open,Stage0 inventory only; close after transcript verification,5910.142690022788,984.8869788954012,,,Compiled queries
T008,text_label,R04,open,Stage0 inventory only; close after transcript verification,6298.290883382162,2152.2943410915827,,,N + 1
T009,text_label,R04,open,Stage0 inventory only; close after transcript verification,6204.957550048828,3327.109133300784,,,Batching
T010,text_label,R03,open,Stage0 inventory only; close after transcript verification,4528.465379503038,894.1779126557872,,,without compiled linq
T011,text_label,R03,open,Stage0 inventory only; close after transcript verification,4297.58214340862,1582.8388743611836,,,Compiled query for async i/o
T012,text_label,R03,open,Stage0 inventory only; close after transcript verification,4197.183265620825,3581.6992123603154,,,compiled query exec hit db
T013,text_label,R02,open,Stage0 inventory only; close after transcript verification,3696.0844852508035,807.5112605213003,,,decision rule
T014,text_label,R02,open,Stage0 inventory only; close after transcript verification,2890.158595493862,691.3630603802408,,,when good
T015,text_label,R02,open,Stage0 inventory only; close after transcript verification,2916.825343540737,899.363121415397,,,hot
T016,text_label,R02,open,Stage0 inventory only; close after transcript verification,1752.0634678431925,860.315531432138,,,not hot
T017,text_label,R01,open,Stage0 inventory only; close after transcript verification,1387.7777099609375,1327.6964583817767,,,dynamic shape(statements)
T018,text_label,R02,open,Stage0 inventory only; close after transcript verification,1436.666666666666,1974.3632267737034,,,many optional filters
T019,text_label,R01,open,Stage0 inventory only; close after transcript verification,10.0,1305.4743209306043,,,if and compiled queries
T020,text_label,R01,open,Stage0 inventory only; close after transcript verification,78.88875325520894,1936.5854659501356,,,condition as parameter
T021,text_label,R01,open,Stage0 inventory only; close after transcript verification,78.88875325520894,2071.2151181853787,,,in fixed shape
T022,text_label,R02,open,Stage0 inventory only; close after transcript verification,2895.492091587612,1547.363121415397,,,hot
T023,text_label,R02,open,Stage0 inventory only; close after transcript verification,2868.825424920944,2425.140882238964,,,"inside infrastructure,"
T024,text_label,R02,open,Stage0 inventory only; close after transcript verification,2868.825424920944,2559.770534474207,,,library code
T025,text_label,R02,open,Stage0 inventory only; close after transcript verification,1770.1585954938619,686.0296863568033,,,when bad
T026,text_label,R04,open,Stage0 inventory only; close after transcript verification,7121.994632297092,3301.923993326826,,,maxbatchsize
